id,title,filtered_words_str,label
R129,New Report on Election,"truth,service,hot,security,consumer,study,physical.,particularly,eight,share.,none,answer,less,piece,manage,capital,night,church.,experts,discuss,ongoing,developments,election.",REAL
R227,New Report on Climate Change,"buy,conference,boy,test,policy,give.,identify,child,raise,deep,write.,write,dream,suffer,people,letter,trial.,experts,discuss,ongoing,developments,climate,change.",REAL
F231,Aliens Confirmed by Sources,"statement,american,available,majority.,course,lead,rich.,—,shocking,claims,aliens,surface,internet.",FAKE
R066,New Report on Policy,"let,accept,save,road.,present,like,benefit,green,however.,experts,discuss,ongoing,developments,policy.",REAL
F095,Mind Control Confirmed by Sources,"environmental,society,company,house,plant.,hope,american,dark.,attention,bar,point,store,majority.,—,shocking,claims,mind,control,surface,internet.",FAKE
R174,New Report on Policy,"big,create,people,wife,hour,difference,issue.,late,control,bring,teacher,home.,join,step,increase,follow,scene.,financial,education,minute,order,however,green.,experts,discuss,ongoing,developments,policy.",REAL
R201,New Report on Public Health,"either,method,factor,forget,allow,trouble.,forget,work,picture,finally,build,guess.,experts,discuss,ongoing,developments,public,health.",REAL
R072,New Report on Education,"adult,deal,provide,great,life.,player,environment,treatment,simply,put,sing.,laugh,night,possible,similar,seem.,particularly,like,rise,leader,report,today,dinner.,experts,discuss,ongoing,developments,education.",REAL
R064,New Report on Research,"black,somebody,tv,base,wonder,reason,herself.,whose,help,rest,answer,husband,country.,environmental,official,think,house,former,response,parent,record.,else,establish,position,low,dark,receive,direction.,experts,discuss,ongoing,developments,research.",REAL
F037,Miracle Drug Confirmed by Sources,"sit,interview,cultural,son.,wrong,play,information,whatever.,appear,mention,threat,physical,note,economic.,—,shocking,claims,miracle,drug,surface,internet.",FAKE
R170,New Report on Technology Breakthrough,"tax.,whatever,recent,brother,level,tend.,experts,discuss,ongoing,developments,technology,breakthrough.",REAL
F110,Celebrity Scandal Confirmed by Sources,"safe,many,since,college,order.,ahead,glass,reality,by.,far,market,ever,third.,—,shocking,claims,celebrity,scandal,surface,internet.",FAKE
F048,Secret Cure Confirmed by Sources,"thousand,area,week,foot.,service,answer,arm,opportunity,certainly,paper,leg.,—,shocking,claims,secret,cure,surface,internet.",FAKE
F082,Hoax Confirmed by Sources,"various,agent,education,note,imagine.,brother,real,try.,safe,full,condition,girl,party.,—,shocking,claims,hoax,surface,internet.",FAKE
F187,Miracle Drug Confirmed by Sources,"instead,rather,single,peace.,huge,move,free,management,kind,city.,—,shocking,claims,miracle,drug,surface,internet.",FAKE
F027,Miracle Drug Confirmed by Sources,"else,light,center,develop,else,people.,deep,skin,wear.,machine,though,theory,fish.,—,shocking,claims,miracle,drug,surface,internet.",FAKE
F202,Hoax Confirmed by Sources,"run,control,quite.,current,poor,suddenly,step,world,brother.,—,shocking,claims,hoax,surface,internet.",FAKE
F197,Secret Cure Confirmed by Sources,"next,risk,common,character,rather,ability.,—,shocking,claims,secret,cure,surface,internet.",FAKE
R128,New Report on Climate Change,"serve,father,five,often,become,enter.,democratic,defense,question,wear,entire.,similar,better,although,make,order.,experts,discuss,ongoing,developments,climate,change.",REAL
F157,Government Cover-Up Confirmed by Sources,"year,adult,wall,show,where.,use,talk,hope,bank.,—,shocking,claims,government,cover-up,surface,internet.",FAKE
F117,Hoax Confirmed by Sources,"including,unit,become,popular,station.,hot,job,heart,believe,almost.,talk,small,eight,career,left.,glass,participant,site,lawyer.,—,shocking,claims,hoax,surface,internet.",FAKE
F173,Secret Cure Confirmed by Sources,"drop,specific,fall.,order,range,successful,black,produce.,ready,cost,available,girl,treatment,example,mention.,—,shocking,claims,secret,cure,surface,internet.",FAKE
F024,Aliens Confirmed by Sources,"century,threat,defense,probably,figure,rather.,run,support,phone,feeling,similar,mind.,high,consider,suffer,friend,glass,attention.,—,shocking,claims,aliens,surface,internet.",FAKE
F096,Celebrity Scandal Confirmed by Sources,"throughout,government,story,ago.,line,letter,one,window.,face,thought,never,contain,strategy,every.,—,shocking,claims,celebrity,scandal,surface,internet.",FAKE
R247,New Report on Public Health,"police,president,care,anything,crime,ball,industry,capital.,focus,third,cause,chair,sit,before.,certainly,serious,tree,increase,relationship,deep.,experts,discuss,ongoing,developments,public,health.",REAL
F226,Government Cover-Up Confirmed by Sources,"focus,support,time,pull,glass,rest.,ok,instead.,officer,better,cell,measure,past.,—,shocking,claims,government,cover-up,surface,internet.",FAKE
F100,Flat Earth Confirmed by Sources,"similar,nice,response,land,important,cell,even,forget.,doctor,check,break,garden.,—,shocking,claims,flat,earth,surface,internet.",FAKE
F246,Government Cover-Up Confirmed by Sources,"woman,begin,official,conference.,different,employee,speak,view,attention,yes.,decade,reduce,hear,push.,—,shocking,claims,government,cover-up,surface,internet.",FAKE
F183,Aliens Confirmed by Sources,"billion,high,hair,certain,measure.,character,pass,nation,notice,away,maybe.,—,shocking,claims,aliens,surface,internet.",FAKE
R063,New Report on Policy,"another,free,tend,easy.,test,decision,camera.,idea,third,onto,side,bag.,experts,discuss,ongoing,developments,policy.",REAL
R005,New Report on Election,"store,message,six,enjoy,century.,system,customer.,experts,discuss,ongoing,developments,election.",REAL
R084,New Report on Election,"true,industry,stuff.,approach,sell,interest,rate,six,fire,almost,bad.,recently,audience,treatment,thing,catch,north,local.,experts,discuss,ongoing,developments,election.",REAL
R124,New Report on Education,"drug,wonder,court.,determine,deep,identify,government,hour,hospital,free.,fine,action,control,media,education,author.,experts,discuss,ongoing,developments,education.",REAL
R118,New Report on Research,"ahead,modern,first,travel,campaign.,long,evidence,three,building,notice,house,camera.,exactly,throughout,teach,market,model.,experts,discuss,ongoing,developments,research.",REAL
F001,Aliens Confirmed by Sources,"trouble,republican,civil,create,rate.,also,sister,key.,boy,green,hand,image,detail,even,part.,high,network,suffer,home,response,investment.,—,shocking,claims,aliens,surface,internet.",FAKE
F007,Immortal Jellyfish Confirmed by Sources,"provide,address,machine.,well,sometimes,situation,case,middle.,vote,others,take,area.,—,shocking,claims,immortal,jellyfish,surface,internet.",FAKE
F046,Mind Control Confirmed by Sources,"town,sing,color,model.,—,shocking,claims,mind,control,surface,internet.",FAKE
R103,New Report on Research,"question,role,learn,open.,lead,lead,traditional,everything,opportunity.,yeah,use,trade,serious,yeah.,experts,discuss,ongoing,developments,research.",REAL
R037,New Report on Budget Report,"leave,including,democratic,top,none.,experts,discuss,ongoing,developments,budget,report.",REAL
F193,Secret Cure Confirmed by Sources,"push,identify,order,forward,receive,open,bill,type.,drive,short,month,throw.,—,shocking,claims,secret,cure,surface,internet.",FAKE
R166,New Report on Election,"many,produce,cost,fast,customer,president,particular.,important,pretty,stay,stop.,artist,expect,know,whatever,seat.,experts,discuss,ongoing,developments,election.",REAL
F017,Immortal Jellyfish Confirmed by Sources,"better,nature,race,cup,begin.,number,end,discussion.,—,shocking,claims,immortal,jellyfish,surface,internet.",FAKE
R008,New Report on Economic Growth,"issue,young,measure,game,respond,produce,occur.,visit,build,method,especially.,experts,discuss,ongoing,developments,economic,growth.",REAL
F071,Celebrity Scandal Confirmed by Sources,"beyond,book,receive.,point,little,rich,single,child.,thought,ever,structure,central.,—,shocking,claims,celebrity,scandal,surface,internet.",FAKE
F028,Mind Control Confirmed by Sources,"large,case,account,wife,art.,might,color,find,write,speak.,community,who.,—,shocking,claims,mind,control,surface,internet.",FAKE
F227,Immortal Jellyfish Confirmed by Sources,"local,ever,section,many,much,test,investment.,open,right,money,across,hospital,manage.,—,shocking,claims,immortal,jellyfish,surface,internet.",FAKE
R200,New Report on Public Health,"compare,piece,beat,back,short,history.,might,election,suddenly,benefit.,experts,discuss,ongoing,developments,public,health.",REAL
R225,New Report on Climate Change,"economy,detail,rich,late,imagine,consider,shoulder.,institution,career,spend,tax,allow,remember.,experts,discuss,ongoing,developments,climate,change.",REAL
R062,New Report on Budget Report,"trouble,heart,ever,city,exactly,treat.,federal,part,language,wear,rule,present,themselves.,experts,discuss,ongoing,developments,budget,report.",REAL
F033,Hoax Confirmed by Sources,"scientist,name,run.,wide,begin,there.,—,shocking,claims,hoax,surface,internet.",FAKE
F012,Hoax Confirmed by Sources,"national,court,evening,argue.,imagine,inside,use,fire,store,event.,—,shocking,claims,hoax,surface,internet.",FAKE
R121,New Report on Research,"represent,character,offer,leader,product.,successful,simple,simply,bed,her.,newspaper,conference,effort,policy,financial,child,song,here.,experts,discuss,ongoing,developments,research.",REAL
F210,Aliens Confirmed by Sources,"water,involve,security,child.,since,attack,put,create,teacher,choice.,week,pass,event,century.,—,shocking,claims,aliens,surface,internet.",FAKE
F151,Hoax Confirmed by Sources,"sometimes,bit,decide,class,hope.,turn,capital,produce,society,ready,start.,break,sing,author.,—,shocking,claims,hoax,surface,internet.",FAKE
F099,Secret Cure Confirmed by Sources,"history,audience,drug,phone,traditional,start.,talk,office,future,visit.,statement,fine,across,hour.,—,shocking,claims,secret,cure,surface,internet.",FAKE
R090,New Report on Technology Breakthrough,"public,increase,film,treatment,analysis.,happy,imagine,five,democratic,consider,live.,box,process,art,spring,quite,performance.,experts,discuss,ongoing,developments,technology,breakthrough.",REAL
R125,New Report on Budget Report,"attack,western,guy,positive,million.,movie,throw,ability,company,chair.,experts,discuss,ongoing,developments,budget,report.",REAL
R091,New Report on Climate Change,"history,certainly,laugh,fly.,experts,discuss,ongoing,developments,climate,change.",REAL
R157,New Report on Climate Change,"enjoy,company,degree,four.,seem,often,beyond,food.,democratic,production,business,example,energy,miss.,experts,discuss,ongoing,developments,climate,change.",REAL
F098,Miracle Drug Confirmed by Sources,"side,exactly,record,doctor,physical,back,fact.,director,glass,cell,dog.,—,shocking,claims,miracle,drug,surface,internet.",FAKE
F164,Immortal Jellyfish Confirmed by Sources,"concern,work,begin,matter,rock.,job,increase,ball,whether,local,realize,cost.,appear,pretty,really,ball,office,nice.,—,shocking,claims,immortal,jellyfish,surface,internet.",FAKE
R050,New Report on Economic Growth,"involve,cut,tv,specific,anything,measure.,win,case,along,difference,property,memory,media.,pressure,machine,task.,experts,discuss,ongoing,developments,economic,growth.",REAL
R249,New Report on Climate Change,"weight,station,day.,store,lot,floor,democrat,election.,forward,clearly,mouth,congress,later,tree,hold.,experts,discuss,ongoing,developments,climate,change.",REAL
R093,New Report on Election,"method,service,paper.,produce,happen,find,understand,so.,experts,discuss,ongoing,developments,election.",REAL
R131,New Report on Education,"policy,ball,offer,receive,same.,scene,want,attorney,strategy.,experts,discuss,ongoing,developments,education.",REAL
F107,Flat Earth Confirmed by Sources,"try,accept,response,create,power.,modern,fast,want.,—,shocking,claims,flat,earth,surface,internet.",FAKE
F153,Hoax Confirmed by Sources,"industry,alone,let,evidence,teacher.,ok,good,management,yard,house,fly.,give,central,find,ahead,catch,indicate,glass.,—,shocking,claims,hoax,surface,internet.",FAKE
F091,Flat Earth Confirmed by Sources,"per,shake,blue.,president,whose,city,quality,analysis.,—,shocking,claims,flat,earth,surface,internet.",FAKE
R246,New Report on Economic Growth,"whose,skill,throw,leader,put.,box,building,onto,political,better,item,according.,may,money,air,ten,image,and.,population,recent,father,cost,join.,experts,discuss,ongoing,developments,economic,growth.",REAL
F004,Secret Cure Confirmed by Sources,"argue,recently,thousand,college,item,section.,industry,fill,guess,run,news,result.,—,shocking,claims,secret,cure,surface,internet.",FAKE
F220,Celebrity Scandal Confirmed by Sources,"part,man,also,expect,mouth,child.,live,tonight,soldier,half,decision,according,wide,language.,piece,better,wonder,professional.,—,shocking,claims,celebrity,scandal,surface,internet.",FAKE
F121,Hoax Confirmed by Sources,"someone,year,serve,treat.,piece,operation,despite,enough,kitchen,kid.,break,radio,analysis,institution,subject,agree.,—,shocking,claims,hoax,surface,internet.",FAKE
F245,Mind Control Confirmed by Sources,"television,show,western,safe.,bring,head,drive,billion,style,sea.,month,left,positive,forward,although,remember,memory.,—,shocking,claims,mind,control,surface,internet.",FAKE
R035,New Report on Climate Change,"general,vote,character,beautiful.,whatever,movement,budget,task.,cultural,want,lose,agreement.,experts,discuss,ongoing,developments,climate,change.",REAL
R024,New Report on Education,"police,look,staff,help,put.,young,mouth,station,authority.,five,pressure,side,wear,green,house.,experts,discuss,ongoing,developments,education.",REAL
F079,Miracle Drug Confirmed by Sources,"career,wife,pressure.,lot,assume,stop,hospital,amount,say.,—,shocking,claims,miracle,drug,surface,internet.",FAKE
R094,New Report on Policy,"professor,likely,buy,blue,father,line,product.,often,town,human,treatment,management.,experts,discuss,ongoing,developments,policy.",REAL
R040,New Report on Policy,"six,effort,lead,camera,employee,line,history.,woman,field,behind,evening.,experts,discuss,ongoing,developments,policy.",REAL
F170,Immortal Jellyfish Confirmed by Sources,"man,produce,child.,foot,authority,result,bad,reduce,away,decide.,—,shocking,claims,immortal,jellyfish,surface,internet.",FAKE
F130,Immortal Jellyfish Confirmed by Sources,"stage,able,artist,prevent,number,allow,team,for.,artist,research,stage,network,occur.,mission,among,cut,girl,between.,performance,investment,mind,safe,congress,third.,—,shocking,claims,immortal,jellyfish,surface,internet.",FAKE
R085,New Report on Economic Growth,"visit,camera,economic,little.,total,research,show,marriage,everybody.,experts,discuss,ongoing,developments,economic,growth.",REAL
R054,New Report on Budget Report,"certainly,contain,central,team,modern.,top,model,listen,federal.,policy,food,wish,outside,beat,rich.,experts,discuss,ongoing,developments,budget,report.",REAL
R047,New Report on Technology Breakthrough,"local,maybe,require.,travel,deep,according.,experts,discuss,ongoing,developments,technology,breakthrough.",REAL
R199,New Report on Economic Growth,"month,figure,admit,class.,answer,hard,defense.,experts,discuss,ongoing,developments,economic,growth.",REAL
F062,Miracle Drug Confirmed by Sources,"dark,perform,cultural,may,send,camera,national.,door,yeah,follow,occur.,care,already,visit,government,range.,—,shocking,claims,miracle,drug,surface,internet.",FAKE
R244,New Report on Technology Breakthrough,"pattern,certainly,generation,source,trip,stock.,young,technology,science.,experts,discuss,ongoing,developments,technology,breakthrough.",REAL
R107,New Report on Election,"live,big,nature,behind,medical.,administration,choice,major,phone.,wrong,certain,exist,suffer,even.,experts,discuss,ongoing,developments,election.",REAL
F148,Aliens Confirmed by Sources,"mr,win,prevent,increase.,wait,blue,gun,indicate,daughter,language.,population,turn,lawyer,century.,approach,keep,visit,different.,—,shocking,claims,aliens,surface,internet.",FAKE
F023,Mind Control Confirmed by Sources,"mother,land,compare,newspaper,friend.,single,grow,court,stage,public.,lay,house,list,crime.,television,raise,middle,campaign,republican,interview.,—,shocking,claims,mind,control,surface,internet.",FAKE
R075,New Report on Budget Report,"sport,discover,prepare,while.,social,blood,wait,story,simple,sell,hair,analysis.,experts,discuss,ongoing,developments,budget,report.",REAL
R220,New Report on Public Health,"lot,travel,tough,prove,indeed,yes,discover.,ago,believe,perhaps,religious,son.,reduce,reason,sometimes,water,film.,experts,discuss,ongoing,developments,public,health.",REAL
R099,New Report on Economic Growth,"place,majority,wall,drop.,similar,special,anyone,bag,keep,whether.,experts,discuss,ongoing,developments,economic,growth.",REAL
F066,Flat Earth Confirmed by Sources,"goal,simply,view,poor,act,attack,will.,food,suddenly,receive,blue,figure,meet,major.,—,shocking,claims,flat,earth,surface,internet.",FAKE
F060,Flat Earth Confirmed by Sources,"source,edge,husband,follow.,recent,last,world,early.,—,shocking,claims,flat,earth,surface,internet.",FAKE
F022,Government Cover-Up Confirmed by Sources,"key,business,lawyer,for.,light,community,everyone,couple,control,better,newspaper.,—,shocking,claims,government,cover-up,surface,internet.",FAKE
F127,Mind Control Confirmed by Sources,"later,even,especially,democratic,study,control.,entire,well,nice,employee,special,foreign,hand.,story,budget,step,behind,mrs,movement,sister,among.,always,money,scene,size,song,thus,organization.,—,shocking,claims,mind,control,surface,internet.",FAKE
R212,New Report on Education,"program,movement,matter,room,eye,notice,state.,official,onto,board,fall.,experts,discuss,ongoing,developments,education.",REAL
F119,Mind Control Confirmed by Sources,"style,none,party,stop,success.,dream,need,develop.,beat,great,police.,—,shocking,claims,mind,control,surface,internet.",FAKE
F103,Hoax Confirmed by Sources,"president,growth,situation,right.,—,shocking,claims,hoax,surface,internet.",FAKE
F191,Mind Control Confirmed by Sources,"individual,maybe,peace,morning,million,lose.,camera,tend,range,exactly,receive,stop.,page,change,consider,road.,—,shocking,claims,mind,control,surface,internet.",FAKE
F002,Mind Control Confirmed by Sources,"sign,represent,process,music,building.,type,another,theory,effort.,carry,garden,wife,meet,work.,hand,wind,expert,language,choice,memory.,—,shocking,claims,mind,control,surface,internet.",FAKE
R155,New Report on Election,"per,want,live,house.,degree,attorney,exist.,already,professor,beyond,key.,experts,discuss,ongoing,developments,election.",REAL
R006,New Report on Technology Breakthrough,"save,model,go,reflect,form,choice.,house,reach,imagine,from.,answer,improve,early,sport,north.,experts,discuss,ongoing,developments,technology,breakthrough.",REAL
F086,Government Cover-Up Confirmed by Sources,"focus,manager,send,threat,environment.,us,factor,expect.,—,shocking,claims,government,cover-up,surface,internet.",FAKE
R168,New Report on Election,"range,member,son,two,magazine,let,sister.,surface,wear,whole,ground.,offer,chair,respond,lot.,experts,discuss,ongoing,developments,election.",REAL
R077,New Report on Public Health,"beautiful,seven,ability.,bag,add,environment,risk,upon,base,someone,vote.,experts,discuss,ongoing,developments,public,health.",REAL
F209,Hoax Confirmed by Sources,"give,room,bill,science,teach,stock.,article,gun,heavy,represent,organization.,call,use,case,base.,eight,listen,structure,suddenly,total,one.,—,shocking,claims,hoax,surface,internet.",FAKE
R236,New Report on Public Health,"hope,lose,drug,prepare,else,audience,cold.,performance,gun,study,per,feeling.,experts,discuss,ongoing,developments,public,health.",REAL
F186,Aliens Confirmed by Sources,"teach,recently,option,truth,effort,interest,mother,draw.,grow,pay,get,focus,always,next,quality.,perform,child,ever,fight.,—,shocking,claims,aliens,surface,internet.",FAKE
R243,New Report on Public Health,"cause,drop,investment,fill,help,among.,experts,discuss,ongoing,developments,public,health.",REAL
F094,Immortal Jellyfish Confirmed by Sources,"lose,seven,black,eye,son,window,try,kind.,later,tax,certainly,argue,bill,court,drive.,—,shocking,claims,immortal,jellyfish,surface,internet.",FAKE
R032,New Report on Economic Growth,"interest,end,civil,girl,maintain.,crime,respond,should.,experts,discuss,ongoing,developments,economic,growth.",REAL
R033,New Report on Education,"gas,light,include,region.,change,participant,data,scene,say,reduce,including.,live,leave,color.,hundred,tonight,imagine.,experts,discuss,ongoing,developments,education.",REAL
R045,New Report on Technology Breakthrough,"special,sound,key,resource,according,deal.,move,read,action,public.,idea,letter,marriage,as.,employee,audience,population,season.,experts,discuss,ongoing,developments,technology,breakthrough.",REAL
R116,New Report on Education,"throw,crime,challenge,price,month,face.,audience,social,site,note,bag,buy,collection.,wall,agency,purpose.,skill,part,possible,kid,former,particular,sort.,experts,discuss,ongoing,developments,education.",REAL
F056,Celebrity Scandal Confirmed by Sources,"north,outside,wall,across.,chance,fall,today,member.,cover,hope,food,food.,—,shocking,claims,celebrity,scandal,surface,internet.",FAKE
R043,New Report on Policy,"note,identify,series.,field,outside,carry,air.,thought,stop,long,to.,experts,discuss,ongoing,developments,policy.",REAL
R145,New Report on Economic Growth,"tv,per,consider,hot,environment,i.,must,bad,son,fact.,history,within,weight,list,throughout,clearly,market.,experts,discuss,ongoing,developments,economic,growth.",REAL
F200,Secret Cure Confirmed by Sources,"last,set,democrat.,important,society,type,star,state.,full,within.,—,shocking,claims,secret,cure,surface,internet.",FAKE
F034,Celebrity Scandal Confirmed by Sources,"goal,might,decade.,organization,pick,relate,show,campaign,fear.,—,shocking,claims,celebrity,scandal,surface,internet.",FAKE
F149,Secret Cure Confirmed by Sources,"voice,eight,argue,test.,improve,upon,concern,culture.,—,shocking,claims,secret,cure,surface,internet.",FAKE
F051,Secret Cure Confirmed by Sources,"southern,research,participant,debate,job,local.,side,push,old,special,friend,program,mrs.,someone,left,industry,instead,group,agency,down.,piece,trip,item,everybody,glass.,—,shocking,claims,secret,cure,surface,internet.",FAKE
F089,Flat Earth Confirmed by Sources,"rock,reflect,yet,window,speak,area,gas,store.,high,perform,power,artist,seem.,—,shocking,claims,flat,earth,surface,internet.",FAKE
F135,Flat Earth Confirmed by Sources,"test,half,there.,little,discussion,enter,particularly,think.,—,shocking,claims,flat,earth,surface,internet.",FAKE
F088,Government Cover-Up Confirmed by Sources,"within,find,information,commercial,become.,leave,must,practice,trouble,prove,factor.,spring,move,personal.,—,shocking,claims,government,cover-up,surface,internet.",FAKE
R010,New Report on Election,"purpose,notice,step,brother.,box,history,treat,goal,money,garden.,company,provide,building,reduce.,experts,discuss,ongoing,developments,election.",REAL
R211,New Report on Policy,"set,talk,attack,same.,interest,modern,environmental.,wait,sometimes,baby,next,sometimes,relate.,experts,discuss,ongoing,developments,policy.",REAL
F204,Miracle Drug Confirmed by Sources,"sell,art,provide.,ready,dark,spring,important,tonight,open,thank.,—,shocking,claims,miracle,drug,surface,internet.",FAKE
F168,Miracle Drug Confirmed by Sources,"remain,although,kitchen,garden.,garden,huge,mission,nation,responsibility,nothing,than.,scientist,full,ten,size,election.,—,shocking,claims,miracle,drug,surface,internet.",FAKE
R011,New Report on Public Health,"message,baby,travel,sort.,scientist,republican.,experts,discuss,ongoing,developments,public,health.",REAL
R232,New Report on Climate Change,"focus,use,recognize.,physical,leader,begin.,experts,discuss,ongoing,developments,climate,change.",REAL
R042,New Report on Public Health,"sign,consumer,something,something,couple,since.,sometimes,lead,film,buy,ground.,experts,discuss,ongoing,developments,public,health.",REAL
F182,Hoax Confirmed by Sources,"spend,easy,rise,send,design.,forget,final,newspaper,believe.,act,answer,apply,old,develop.,stand,chance,term,ability.,—,shocking,claims,hoax,surface,internet.",FAKE
F036,Miracle Drug Confirmed by Sources,"actually,old,parent,example.,look,analysis,suffer,attack,ok,crime,order,player.,—,shocking,claims,miracle,drug,surface,internet.",FAKE
F068,Secret Cure Confirmed by Sources,"relate,factor,role,really,stuff.,law,institution,system,eat,everything.,specific,voice,rise,ten.,—,shocking,claims,secret,cure,surface,internet.",FAKE
R015,New Report on Election,"better,grow,prepare.,experts,discuss,ongoing,developments,election.",REAL
R147,New Report on Climate Change,"charge,five,key,accept,animal,here.,ask,forget,politics,door,born,benefit,provide.,computer,check,simple,set,sign,anyone.,experts,discuss,ongoing,developments,climate,change.",REAL
F198,Government Cover-Up Confirmed by Sources,"society,stuff,clearly,run.,staff,property,occur,machine,catch,meeting.,—,shocking,claims,government,cover-up,surface,internet.",FAKE
R081,New Report on Climate Change,"generation,night,task,camera,enter,later,turn.,still,personal,activity,music.,test,along,letter,anything,others,month,wait.,experts,discuss,ongoing,developments,climate,change.",REAL
F050,Aliens Confirmed by Sources,"tell,across,street,scene,art.,base,without,feeling.,—,shocking,claims,aliens,surface,internet.",FAKE
F162,Celebrity Scandal Confirmed by Sources,"professional,information,run.,really,event,position,probably,sense,top.,score,factor,scientist,all.,—,shocking,claims,celebrity,scandal,surface,internet.",FAKE
R028,New Report on Technology Breakthrough,"color,team,share,yeah,officer.,note,perform,turn.,experts,discuss,ongoing,developments,technology,breakthrough.",REAL
R195,New Report on Budget Report,"hair,state,choice.,action,laugh,news.,experts,discuss,ongoing,developments,budget,report.",REAL
F116,Aliens Confirmed by Sources,"person,adult,pay,degree,arrive.,official,past,mouth.,—,shocking,claims,aliens,surface,internet.",FAKE
R018,New Report on Research,"turn,set,eight,treatment,outside,so.,five,sure,usually,reach,kitchen.,experts,discuss,ongoing,developments,research.",REAL
F073,Immortal Jellyfish Confirmed by Sources,"provide,pay,though.,—,shocking,claims,immortal,jellyfish,surface,internet.",FAKE
F059,Miracle Drug Confirmed by Sources,"ground,road,network,way,account.,task,answer,lawyer,improve.,wear,human,happen,speak,party.,—,shocking,claims,miracle,drug,surface,internet.",FAKE
R078,New Report on Budget Report,"sell,particular,stage,dog.,live,loss,quickly,service,center,hot,mean,physical.,site,building,mouth,memory,develop,could.,experts,discuss,ongoing,developments,budget,report.",REAL
F216,Secret Cure Confirmed by Sources,"plant,want,employee,report,result.,shoulder,day,simply.,pm,candidate,trouble,pretty,suggest.,—,shocking,claims,secret,cure,surface,internet.",FAKE
F206,Celebrity Scandal Confirmed by Sources,"impact,call,describe,behavior,player,yes.,figure,may,field,standard,put,every.,—,shocking,claims,celebrity,scandal,surface,internet.",FAKE
R036,New Report on Research,"agency,let,data.,experts,discuss,ongoing,developments,research.",REAL
F104,Aliens Confirmed by Sources,"boy,fine,continue,machine,style,five,market.,property,forget,health,important.,—,shocking,claims,aliens,surface,internet.",FAKE
F000,Hoax Confirmed by Sources,"bad,every,expect,almost,dog.,answer,note,situation,western,positive,ask.,—,shocking,claims,hoax,surface,internet.",FAKE
R136,New Report on Education,"go,participant,together,never,recognize,less,happy.,author,memory,card,seven,stage,part.,final,six,recently,develop,world,recent,politics.,either,knowledge,note,movie,card,source.,experts,discuss,ongoing,developments,education.",REAL
F019,Immortal Jellyfish Confirmed by Sources,"effort,upon,respond.,data,citizen,particularly,report.,—,shocking,claims,immortal,jellyfish,surface,internet.",FAKE
R012,New Report on Technology Breakthrough,"perform,player,newspaper,seven,sell,military.,newspaper,evidence,cause,leave,here.,experts,discuss,ongoing,developments,technology,breakthrough.",REAL
R052,New Report on Education,"color,leave,event,she.,soldier,individual,always,fly.,glass,resource,office,mind.,experts,discuss,ongoing,developments,education.",REAL
R123,New Report on Climate Change,"seven,whatever,east,audience,clear.,development,ten,yard,edge.,small,land,foot,create,common.,experts,discuss,ongoing,developments,climate,change.",REAL
F040,Government Cover-Up Confirmed by Sources,"good,condition,total,student.,manager,fly,response,record,work,ground.,—,shocking,claims,government,cover-up,surface,internet.",FAKE
R160,New Report on Climate Change,"value,say,red,story.,room,drive.,experts,discuss,ongoing,developments,climate,change.",REAL
F067,Immortal Jellyfish Confirmed by Sources,"among,president,order,several,decision,group,exactly.,point,question,study,four,modern,because.,—,shocking,claims,immortal,jellyfish,surface,internet.",FAKE
R069,New Report on Research,"model,inside,security.,sense,try,drug,trial,play,you.,experts,discuss,ongoing,developments,research.",REAL
F160,Mind Control Confirmed by Sources,"reason,heavy,may,society.,interest,television,century,decade,know,while.,blue,opportunity,write,society,growth,important.,—,shocking,claims,mind,control,surface,internet.",FAKE
F053,Hoax Confirmed by Sources,"hot,partner,service,year,particularly,discover.,dinner,indicate,night,member,low,actually,seek,several.,sometimes,ability,military,start.,—,shocking,claims,hoax,surface,internet.",FAKE
R074,New Report on Education,"current,wrong,moment,artist.,enter,tonight,also,system,throw.,teach,stand,various,become.,experts,discuss,ongoing,developments,education.",REAL
R007,New Report on Election,"whole,ball,field,difficult,meet,eye.,team,soldier,score,program,school,audience.,experts,discuss,ongoing,developments,election.",REAL
R119,New Report on Climate Change,"result,stuff,win,cold,including.,third,difference,eye,phone,adult.,purpose,east,thousand,reflect,wish.,experts,discuss,ongoing,developments,climate,change.",REAL
R087,New Report on Budget Report,"color,cold,none,notice.,either,believe,strategy,modern.,experts,discuss,ongoing,developments,budget,report.",REAL
F145,Miracle Drug Confirmed by Sources,"stop,collection,pretty,bad,generation,republican,detail.,senior,writer,deal,weight,idea.,—,shocking,claims,miracle,drug,surface,internet.",FAKE
R065,New Report on Budget Report,"talk,center,perform,hotel,loss.,consumer,probably,establish,indicate.,hair,increase,majority,friend,little.,nearly,seven,various,forget,show,figure,what.,experts,discuss,ongoing,developments,budget,report.",REAL
R208,New Report on Budget Report,"full,rest,across,answer,people,determine,yet.,experts,discuss,ongoing,developments,budget,report.",REAL
R048,New Report on Budget Report,"reality,according,production,notice.,level,picture,agree,manage,listen.,experts,discuss,ongoing,developments,budget,report.",REAL
F076,Aliens Confirmed by Sources,"cell,interview,gun,recently,deep.,action,executive,factor,model,scene,speech,choose.,—,shocking,claims,aliens,surface,internet.",FAKE
R019,New Report on Policy,"watch,surface,huge.,design,major,later,machine.,experts,discuss,ongoing,developments,policy.",REAL
F115,Immortal Jellyfish Confirmed by Sources,"development,mission,ability,chance.,notice,reach,else,avoid,sit.,discuss,issue,perform,want,south,another,my.,—,shocking,claims,immortal,jellyfish,surface,internet.",FAKE
R031,New Report on Education,"federal,collection,american,support,mother,know.,blue,less,add,never,thus,miss.,throw,force,investment,certainly,bill,those.,experts,discuss,ongoing,developments,education.",REAL
R190,New Report on Research,"pay,yet,appear,outside.,population,growth,cold,success,produce,show,number,suffer.,even,pick,upon,a.,experts,discuss,ongoing,developments,research.",REAL
F057,Mind Control Confirmed by Sources,"daughter,professional,while.,ask,heart,practice,these.,name,toward.,—,shocking,claims,mind,control,surface,internet.",FAKE
F158,Immortal Jellyfish Confirmed by Sources,"early,better,level,hospital,produce,worry,take.,generation,already,realize,rest,research,per.,education,line,class,control,door,bit,near,summer.,head,today,guy,kitchen,deep,light.,—,shocking,claims,immortal,jellyfish,surface,internet.",FAKE
F234,Flat Earth Confirmed by Sources,"audience,win,wear,control,above.,together,garden,local,least,tough,practice.,listen,experience,friend.,—,shocking,claims,flat,earth,surface,internet.",FAKE
F155,Flat Earth Confirmed by Sources,"beautiful,water,person,story,home,none,interview.,human,left,employee,animal,build,floor.,—,shocking,claims,flat,earth,surface,internet.",FAKE
F106,Flat Earth Confirmed by Sources,"modern,able,buy,carry,range.,follow,must,put.,—,shocking,claims,flat,earth,surface,internet.",FAKE
R051,New Report on Policy,"hope,threat,summer,activity.,pull,enjoy,enter,top.,experts,discuss,ongoing,developments,policy.",REAL
R203,New Report on Education,"account,yes,good,soon,message.,suffer,total,tv,wonder,piece.,city,simple,plan,environmental.,food,one,high,community,road.,experts,discuss,ongoing,developments,education.",REAL
F063,Secret Cure Confirmed by Sources,"child,conference,the.,message,beat,country,beyond,letter.,like,win,appear,case,method.,—,shocking,claims,secret,cure,surface,internet.",FAKE
R080,New Report on Policy,"doctor,land,force,enough,tree,stand.,ok,career,wonder,author,ability,affect,also.,large,hope,near,create,unit,cost.,experts,discuss,ongoing,developments,policy.",REAL
R226,New Report on Public Health,"evening,operation,trade,guy,college,impact,environmental.,tree,loss,week,cup.,experts,discuss,ongoing,developments,public,health.",REAL
F144,Hoax Confirmed by Sources,"garden,may,happen,music.,letter,son,wish,probably,pretty.,teach,cause,require,focus,ground,instead,him.,experience,improve,truth,forward.,—,shocking,claims,hoax,surface,internet.",FAKE
F241,Flat Earth Confirmed by Sources,"become,second,million,health,environment,color,clearly.,unit,nation,event,baby,material.,—,shocking,claims,flat,earth,surface,internet.",FAKE
R150,New Report on Election,"physical,young,move,season.,area,senior,purpose.,mother,race,strong,finally,future.,experts,discuss,ongoing,developments,election.",REAL
R153,New Report on Research,"pressure,experience,item,player,unit,really.,run,sort,suddenly,dream.,wear,country,financial,southern,face,agree,view.,high,personal,despite,effort,eat.,experts,discuss,ongoing,developments,research.",REAL
F175,Hoax Confirmed by Sources,"surface,million,recognize,government,own.,—,shocking,claims,hoax,surface,internet.",FAKE
F161,Immortal Jellyfish Confirmed by Sources,"hard,require,option.,recently,house,rich,generation,system.,—,shocking,claims,immortal,jellyfish,surface,internet.",FAKE
F147,Secret Cure Confirmed by Sources,"movie,sign,total,receive,under.,get,main,guess,none,practice,over.,choice,provide,star,front,bed,hour.,—,shocking,claims,secret,cure,surface,internet.",FAKE
F018,Secret Cure Confirmed by Sources,"thank,push,serious.,form,according,place,edge.,field,analysis,know,tree,use,human,those.,—,shocking,claims,secret,cure,surface,internet.",FAKE
F211,Celebrity Scandal Confirmed by Sources,"character,read,decade,physical,something,the.,phone,others,medical,job,condition,everyone.,—,shocking,claims,celebrity,scandal,surface,internet.",FAKE
R117,New Report on Research,"girl,wonder,player,simple,debate,skill.,among,since,three.,among,skin,responsibility,approach,him.,experts,discuss,ongoing,developments,research.",REAL
F016,Aliens Confirmed by Sources,"experience,member,mrs.,campaign,vote,inside,appear,present.,player,book,resource,candidate.,—,shocking,claims,aliens,surface,internet.",FAKE
F029,Flat Earth Confirmed by Sources,"training,per,recent,take.,school,administration,single,song,son,nothing.,lead,family,much,color.,—,shocking,claims,flat,earth,surface,internet.",FAKE
F205,Celebrity Scandal Confirmed by Sources,"hour,story,body,central,make,structure.,sure,central,talk,stuff,newspaper,move,wear,contain.,—,shocking,claims,celebrity,scandal,surface,internet.",FAKE
R112,New Report on Economic Growth,"simple,bit,million,improve,recent.,ten,stay.,experts,discuss,ongoing,developments,economic,growth.",REAL
F218,Government Cover-Up Confirmed by Sources,"fact,seek,research,record,mission.,car,laugh,ago.,together,tonight,window.,—,shocking,claims,government,cover-up,surface,internet.",FAKE
R187,New Report on Education,"size,stand,name,south,customer.,hear,south,box,trip,truth.,loss,collection,stop.,experts,discuss,ongoing,developments,education.",REAL
F087,Celebrity Scandal Confirmed by Sources,"occur,bed,investment,even,pm,friend.,beautiful,call,court,something.,name,manage,report,fire,key,party,week.,—,shocking,claims,celebrity,scandal,surface,internet.",FAKE
R171,New Report on Education,"week,one,rock,quite.,move,government,somebody,morning,across.,experts,discuss,ongoing,developments,education.",REAL
R113,New Report on Technology Breakthrough,"must,national,wish,close,east,third.,trade,dog,shoulder,american,million,law,way,paper.,practice,president,investment,defense,prevent.,experts,discuss,ongoing,developments,technology,breakthrough.",REAL
R222,New Report on Public Health,"focus,message,blue,buy,beautiful,bring.,fact,pressure,single,news,home,sort,push.,girl,material,focus,tree,look,happy.,experts,discuss,ongoing,developments,public,health.",REAL
F233,Secret Cure Confirmed by Sources,"across,stuff,answer,south,president.,employee,feel,prevent,someone,quite.,—,shocking,claims,secret,cure,surface,internet.",FAKE
R223,New Report on Climate Change,"break,value,work,despite.,north,remember,thing,stop,course.,effect,message,life,include,among,course,these.,experts,discuss,ongoing,developments,climate,change.",REAL
F224,Secret Cure Confirmed by Sources,"top,better,later,east.,however,democratic,available,develop,beautiful,expect,allow.,agree,water,discuss,ten,list,meet,sure.,—,shocking,claims,secret,cure,surface,internet.",FAKE
R181,New Report on Climate Change,"short,others,hear,statement,church,space,size.,car,key,charge,character,imagine,money.,win,lay,far,story.,today,media,feel,development,key,bring,message.,experts,discuss,ongoing,developments,climate,change.",REAL
R056,New Report on Public Health,"several,fish,claim,can.,usually,fact,yes,side,crime,think.,part,leader,technology.,field,run,call.,experts,discuss,ongoing,developments,public,health.",REAL
R110,New Report on Education,"education,product,pick,family.,house,summer,head,american,thank.,stuff,may,campaign,company,hot,must,available.,experts,discuss,ongoing,developments,education.",REAL
R219,New Report on Education,"name,total,author,whose,center,simple.,sea,really,clearly,also.,peace,air,approach,hospital.,experts,discuss,ongoing,developments,education.",REAL
R224,New Report on Education,"issue,set,increase,check,future,artist.,mr,single,may,focus,loss.,experts,discuss,ongoing,developments,education.",REAL
F178,Immortal Jellyfish Confirmed by Sources,"push,property,computer.,year,capital,wear,process.,—,shocking,claims,immortal,jellyfish,surface,internet.",FAKE
F074,Secret Cure Confirmed by Sources,"watch,paper,research,tell,remain.,hundred,produce,five,half.,—,shocking,claims,secret,cure,surface,internet.",FAKE
R034,New Report on Budget Report,"check,watch,issue,image,somebody.,trade,compare,family,send,red,special,leader,radio.,dinner,source,right.,experts,discuss,ongoing,developments,budget,report.",REAL
R095,New Report on Policy,"community,company,example,surface,case,see.,experts,discuss,ongoing,developments,policy.",REAL
F011,Aliens Confirmed by Sources,"training,yeah,energy,matter.,budget,population,team,work.,onto,shake,draw,including,fast,paper.,—,shocking,claims,aliens,surface,internet.",FAKE
R162,New Report on Policy,"strategy,kitchen,who.,boy,across,case,collection.,month,natural,half,impact,generation,career,society.,experts,discuss,ongoing,developments,policy.",REAL
R218,New Report on Election,"represent,crime,camera,pass,station,mean,talk,consider.,attorney,question,fly,whether.,movie,billion,go,rise,man,guess.,experts,discuss,ongoing,developments,election.",REAL
F136,Miracle Drug Confirmed by Sources,"employee,price,win,study,avoid,let,argue.,certain,today,pass,fear,carry,quite.,—,shocking,claims,miracle,drug,surface,internet.",FAKE
R108,New Report on Economic Growth,"space,garden,even,everyone,defense,any.,teach,nearly,answer,rate,try,attention.,though,life,behavior,receive,project,music,material.,pm,reduce,economic,pattern.,experts,discuss,ongoing,developments,economic,growth.",REAL
R186,New Report on Research,"first,everybody,maybe,protect.,experts,discuss,ongoing,developments,research.",REAL
R248,New Report on Technology Breakthrough,"ok,congress,scientist,best,from.,ground,draw,rather,either,low,east.,fear,wife,animal,seven.,experts,discuss,ongoing,developments,technology,breakthrough.",REAL
F045,Immortal Jellyfish Confirmed by Sources,"three,kid,people,strong.,usually,who.,however,necessary,movement,stock,bill,never,outside.,—,shocking,claims,immortal,jellyfish,surface,internet.",FAKE
F092,Secret Cure Confirmed by Sources,"policy,lose,behavior,admit,voice,such.,sing,soldier,floor.,—,shocking,claims,secret,cure,surface,internet.",FAKE
R100,New Report on Technology Breakthrough,"drop,edge,allow,event.,red,common,network,morning,require,suggest.,experts,discuss,ongoing,developments,technology,breakthrough.",REAL
F075,Miracle Drug Confirmed by Sources,"pressure,position,rather,world.,senior,student,society.,college,position.,—,shocking,claims,miracle,drug,surface,internet.",FAKE
R059,New Report on Technology Breakthrough,"candidate,concern,conference,american,talk,partner,tree.,appear,trip,choose,unit,seem.,several,several,paper,ball,ask,another,especially.,experts,discuss,ongoing,developments,technology,breakthrough.",REAL
F213,Hoax Confirmed by Sources,"town,whose,sell,trouble,manager,star,whose,community.,believe,oil,meeting.,—,shocking,claims,hoax,surface,internet.",FAKE
R233,New Report on Education,"skin,dream,prove,pretty,later.,consider,million,customer,race,traditional,question.,dinner,music,eat,population,catch.,experts,discuss,ongoing,developments,education.",REAL
F072,Mind Control Confirmed by Sources,"total,economy,hundred,control,bring,management,story,election.,assume,chance,less,no.,—,shocking,claims,mind,control,surface,internet.",FAKE
R184,New Report on Budget Report,"gun,deep,movie,argue.,month,teacher,teach,tv,power,and.,experts,discuss,ongoing,developments,budget,report.",REAL
F134,Secret Cure Confirmed by Sources,"middle,assume,act,speak,character.,author,brother,break,open,especially,daughter,benefit.,magazine,agent,activity,second,natural,senior.,—,shocking,claims,secret,cure,surface,internet.",FAKE
R096,New Report on Research,"approach,trouble,challenge,answer,good,miss.,experts,discuss,ongoing,developments,research.",REAL
R020,New Report on Policy,"model,clear,political,short.,experts,discuss,ongoing,developments,policy.",REAL
R067,New Report on Policy,"significant,data,young,fine,one,who.,quality,give,whether,issue,mind,anyone,know.,congress,sign,enjoy,cost.,experts,discuss,ongoing,developments,policy.",REAL
R215,New Report on Education,"suffer,military,name,business,make.,experts,discuss,ongoing,developments,education.",REAL
R127,New Report on Policy,"technology,show,air,side,experience,effect.,important,maybe,sometimes,like.,age,include,past,billion,mother,second.,experts,discuss,ongoing,developments,policy.",REAL
R235,New Report on Technology Breakthrough,"great,else,life,share.,ball,point,main,election,among,suffer.,professional,laugh,risk,suddenly,citizen,bar,benefit.,experts,discuss,ongoing,developments,technology,breakthrough.",REAL
R163,New Report on Climate Change,"growth,name,example,artist,because.,religious,down.,simply,stage,financial,skill,accept,part,seat.,involve,charge,past,political,news,newspaper,feeling.,experts,discuss,ongoing,developments,climate,change.",REAL
R002,New Report on Education,"manager,keep,list.,nice,among,two.,party,something,like,back.,experts,discuss,ongoing,developments,education.",REAL
R021,New Report on Education,"special,job,card,determine,year,several,police.,dark,forward,away,table,activity,experience.,experts,discuss,ongoing,developments,education.",REAL
R013,New Report on Technology Breakthrough,"military,type,every,door,majority,crime,bar.,home,create,wait.,throughout,activity,star,worker.,experts,discuss,ongoing,developments,technology,breakthrough.",REAL
F195,Flat Earth Confirmed by Sources,"interesting,measure,five.,cover,manager,indicate,address,ready,democrat,daughter.,answer,begin,color,early,form,source,provide,program.,hand,property,technology,agency.,—,shocking,claims,flat,earth,surface,internet.",FAKE
R101,New Report on Research,"building,current,political,bar.,ask,remember,agree,place,price,certain,law.,experts,discuss,ongoing,developments,research.",REAL
R055,New Report on Research,"blue,fear,door,son,old,important.,serve,occur,visit.,experts,discuss,ongoing,developments,research.",REAL
F190,Secret Cure Confirmed by Sources,"provide,central,audience.,answer,involve,thought.,live,adult,audience,field,like,future.,—,shocking,claims,secret,cure,surface,internet.",FAKE
R004,New Report on Education,"enjoy,return,share.,buy,determine,feeling,pretty,standard.,threat,forget,happen,rule,represent,high,nice,those.,provide,word,common.,experts,discuss,ongoing,developments,education.",REAL
F080,Celebrity Scandal Confirmed by Sources,"since,play,admit,customer,source,loss,enough.,door,store,woman.,least,effort,throw,huge,apply,media,move.,—,shocking,claims,celebrity,scandal,surface,internet.",FAKE
F049,Hoax Confirmed by Sources,"instead,series,point.,result,different,cut,seven.,song,evening,system.,option,daughter,take,picture,ground,push.,—,shocking,claims,hoax,surface,internet.",FAKE
F184,Secret Cure Confirmed by Sources,"land,probably,trouble,kid.,method,around,american.,—,shocking,claims,secret,cure,surface,internet.",FAKE
F030,Secret Cure Confirmed by Sources,"site,serve,body,price.,program,serious,recent,audience.,—,shocking,claims,secret,cure,surface,internet.",FAKE
R213,New Report on Budget Report,"bring,hospital,issue,executive,even,citizen.,half,bank,understand,president,end,sure,sense.,experts,discuss,ongoing,developments,budget,report.",REAL
F128,Immortal Jellyfish Confirmed by Sources,"culture,simply,top,study,assume.,type,live,finally,family.,thought,threat,american,free,economic,mr.,somebody,tonight,suggest,sing.,—,shocking,claims,immortal,jellyfish,surface,internet.",FAKE
R231,New Report on Policy,"within,worry,however,story,best.,almost,today,clearly.,sea,grow,position,describe,service,hotel.,minute,finally,cost,artist.,experts,discuss,ongoing,developments,policy.",REAL
R061,New Report on Technology Breakthrough,"eye,rather,success,group,it.,experts,discuss,ongoing,developments,technology,breakthrough.",REAL
R137,New Report on Education,"participant,new,discover,nice.,news,among,also,continue,high,arrive,lead.,experts,discuss,ongoing,developments,education.",REAL
R185,New Report on Technology Breakthrough,"material,art,next,firm,week.,bad,capital,system,ability,air,responsibility,sure,audience.,hair,especially,reflect,safe,control,level,pretty.,experts,discuss,ongoing,developments,technology,breakthrough.",REAL
R204,New Report on Technology Breakthrough,"left,carry.,office,fund,police,painting.,experts,discuss,ongoing,developments,technology,breakthrough.",REAL
F217,Immortal Jellyfish Confirmed by Sources,"determine,know,major,general,market,perhaps.,season,along,reality,cause,also.,production.,—,shocking,claims,immortal,jellyfish,surface,internet.",FAKE
F176,Miracle Drug Confirmed by Sources,"senior,top,maybe,audience,majority,special,relationship.,daughter,remember,challenge,daughter,according,most.,material,nothing,recognize,last,outside.,—,shocking,claims,miracle,drug,surface,internet.",FAKE
R245,New Report on Technology Breakthrough,"soon,major,area.,population,capital,blood,concern,us.,black,together,safe,enter.,experts,discuss,ongoing,developments,technology,breakthrough.",REAL
R104,New Report on Election,"manage,participant,big,explain.,beyond,section,green,help.,similar,meet,civil,girl,wind,rise,sense.,experts,discuss,ongoing,developments,election.",REAL
F156,Flat Earth Confirmed by Sources,"across,blue,increase,anything,pressure.,without,although,officer,continue,official.,—,shocking,claims,flat,earth,surface,internet.",FAKE
R194,New Report on Election,"like,project,everyone,identify,husband,hear,chair,over.,soon,meet,modern,choice,edge.,church,check,worker,west.,experts,discuss,ongoing,developments,election.",REAL
R161,New Report on Technology Breakthrough,"decide,power,fish,near,police,any.,join,east,play,bring,save,player.,experts,discuss,ongoing,developments,technology,breakthrough.",REAL
F113,Immortal Jellyfish Confirmed by Sources,"worry,nothing,group,participant,material,term.,difficult,toward,activity,international,anyone.,test,property,early,blue,professional.,—,shocking,claims,immortal,jellyfish,surface,internet.",FAKE
F150,Hoax Confirmed by Sources,"middle,serve,pay,available,office,read,by.,choice,year,reduce,bank.,various,defense,property,enter,door.,person,nation,hold,language.,—,shocking,claims,hoax,surface,internet.",FAKE
F047,Miracle Drug Confirmed by Sources,"tell,former,people,soldier,present,above.,lose,report,impact,house,offer,determine,pretty.,—,shocking,claims,miracle,drug,surface,internet.",FAKE
F008,Hoax Confirmed by Sources,"late,recently,citizen,big,account.,gas,wife,husband,media,easy.,single,number,determine,hand,where.,democratic,material,man.,—,shocking,claims,hoax,surface,internet.",FAKE
F229,Aliens Confirmed by Sources,"thing,statement,choose,free,law,expert.,speech,economic,onto.,sing,blue,inside,character,foreign,sense.,—,shocking,claims,aliens,surface,internet.",FAKE
R001,New Report on Research,"report,agent,adult.,good,letter,sit,gun,popular,piece.,grow,decade,section,per.,girl,affect,low,customer,add.,experts,discuss,ongoing,developments,research.",REAL
R241,New Report on Public Health,"difference,happen.,science,moment,unit,list.,green,set,month,they.,experts,discuss,ongoing,developments,public,health.",REAL
R198,New Report on Climate Change,"president,shake,arm.,reveal,lot,trade,face,always,rate.,general,test,watch,maybe.,experts,discuss,ongoing,developments,climate,change.",REAL
R229,New Report on Research,"operation,rich,voice,home.,respond,determine,without,science,suffer.,experts,discuss,ongoing,developments,research.",REAL
R205,New Report on Public Health,"series,return,child,provide,child,west.,option,deal,degree,enjoy,film,fish.,experts,discuss,ongoing,developments,public,health.",REAL
F123,Celebrity Scandal Confirmed by Sources,"senior,room,party.,—,shocking,claims,celebrity,scandal,surface,internet.",FAKE
F043,Celebrity Scandal Confirmed by Sources,"plant,thing,image,rock.,discussion,reach,watch,if.,—,shocking,claims,celebrity,scandal,surface,internet.",FAKE
F097,Celebrity Scandal Confirmed by Sources,"wrong,chair,four,country,use,fly,them.,discover,nice,prepare,direction,employee,state.,—,shocking,claims,celebrity,scandal,surface,internet.",FAKE
R014,New Report on Research,"money,maybe,throughout,fly,quite,right,still,reach.,sometimes,miss,ahead,economic,direction,case,material.,century,loss,question,career.,experts,discuss,ongoing,developments,research.",REAL
F005,Flat Earth Confirmed by Sources,"step,dog,politics,condition.,keep,quite,deal,training.,—,shocking,claims,flat,earth,surface,internet.",FAKE
R234,New Report on Research,"democratic,none,surface.,admit,town,lay,want,skill.,stuff,leg,accept,institution,company.,experts,discuss,ongoing,developments,research.",REAL
F143,Aliens Confirmed by Sources,"girl,easy,behind,mrs.,control,focus,whose,also,interest,compare,wonder.,benefit,drug,safe,issue,manager.,—,shocking,claims,aliens,surface,internet.",FAKE
R073,New Report on Economic Growth,"president,picture,political,as.,throw,land,floor,tonight,require.,test,opportunity,unit,body,better.,experts,discuss,ongoing,developments,economic,growth.",REAL
R239,New Report on Education,"onto,population,measure,allow.,level,alone,see,mention,hard,explain,three,special.,theory,matter,wait,follow,create,performance.,adult,quality,type,operation,administration,it.,experts,discuss,ongoing,developments,education.",REAL
F181,Aliens Confirmed by Sources,"image,image,remember,pass.,image,surface,keep,finish,guess,friend,challenge.,—,shocking,claims,aliens,surface,internet.",FAKE
R138,New Report on Election,"democratic,least,to.,finally,choose,audience,wear,floor,several.,experts,discuss,ongoing,developments,election.",REAL
R172,New Report on Economic Growth,"win,trouble,action,listen.,recognize,oil.,join,day,still,force.,experts,discuss,ongoing,developments,economic,growth.",REAL
R143,New Report on Policy,"card,want,none,memory,democratic,night,player.,office,section,also,recent,training.,experts,discuss,ongoing,developments,policy.",REAL
F166,Mind Control Confirmed by Sources,"source,stand,table,view,every,environmental,until.,wish,light,still.,—,shocking,claims,mind,control,surface,internet.",FAKE
R003,New Report on Budget Report,"standard,want,positive,too.,act,leg,expect,central,behavior.,experts,discuss,ongoing,developments,budget,report.",REAL
R167,New Report on Climate Change,"training,factor,issue,different,reduce,college.,attention,bag,use,hand,art.,experts,discuss,ongoing,developments,climate,change.",REAL
R183,New Report on Climate Change,"learn,catch,evidence,later,adult,carry.,national,best,discussion,movie.,experts,discuss,ongoing,developments,climate,change.",REAL
R238,New Report on Technology Breakthrough,"show,common,source.,almost,painting,home,management,world,trade,discussion.,foreign,site,always,out.,experts,discuss,ongoing,developments,technology,breakthrough.",REAL
R041,New Report on Election,"vote,begin,she.,see,television,another,debate.,main,beautiful,natural,blood,house.,find,huge,doctor,tend,quite.,experts,discuss,ongoing,developments,election.",REAL
F237,Government Cover-Up Confirmed by Sources,"politics,service,necessary,question,south,party.,science,happen,meet,reduce,argue,senior,nice.,beat,stuff,artist,thought,measure,hold,prove.,—,shocking,claims,government,cover-up,surface,internet.",FAKE
R086,New Report on Research,"account,meeting,store,full,wait,sometimes,real.,eight,new,available,green,administration.,meet,politics,resource,opportunity,offer,store,stop.,experts,discuss,ongoing,developments,research.",REAL
R240,New Report on Policy,"process,office,owner,hair.,guess,anything,wear,person,purpose,bank,store.,experts,discuss,ongoing,developments,policy.",REAL
R133,New Report on Public Health,"finally,hot,relationship,ready,first.,cell,occur,reason,relate,company,hotel.,experts,discuss,ongoing,developments,public,health.",REAL
F044,Hoax Confirmed by Sources,"figure,drop,father,hour,say,most.,future,control,professor,gas,card.,—,shocking,claims,hoax,surface,internet.",FAKE
F125,Government Cover-Up Confirmed by Sources,"knowledge,beautiful,indicate,care,then.,share,section,official,cultural,impact,like,senior,green.,debate,free,main,prevent,say.,—,shocking,claims,government,cover-up,surface,internet.",FAKE
F165,Secret Cure Confirmed by Sources,"policy,ground,war,interview.,good,best,trial,wall,wife.,identify,article,away,force.,—,shocking,claims,secret,cure,surface,internet.",FAKE
F137,Flat Earth Confirmed by Sources,"important,team,practice,management,church.,unit,hard,short,country,write,plant,this.,contain,throughout,like.,—,shocking,claims,flat,earth,surface,internet.",FAKE
R088,New Report on Research,"memory,summer,seat,have.,along,focus,major.,fact,suddenly,lead,idea,still,church.,piece,rate,single,recent,threat,whether.,experts,discuss,ongoing,developments,research.",REAL
R169,New Report on Technology Breakthrough,"detail,knowledge,whole,scene,explain,report.,experts,discuss,ongoing,developments,technology,breakthrough.",REAL
R193,New Report on Technology Breakthrough,"rich,wall,exist,great,war,support.,picture,happy,another,affect,artist,season,her.,kind,board,book,begin,attorney,dinner.,experts,discuss,ongoing,developments,technology,breakthrough.",REAL
F247,Mind Control Confirmed by Sources,"article,energy.,door,actually,network,short,realize,about.,thought,traditional,leave,movie,environmental,sound,make.,cause,stand,week,trouble.,—,shocking,claims,mind,control,surface,internet.",FAKE
R179,New Report on Technology Breakthrough,"couple,past,hospital,others,lot,wife,wear.,represent,argue,size,decide,arm,democratic.,experts,discuss,ongoing,developments,technology,breakthrough.",REAL
F138,Immortal Jellyfish Confirmed by Sources,"find,student,fill.,partner,question,authority,create,general,successful.,put,bad,area,entire,voice,especially.,—,shocking,claims,immortal,jellyfish,surface,internet.",FAKE
R017,New Report on Policy,"give,east,ground,until.,region,last,suddenly,or.,experts,discuss,ongoing,developments,policy.",REAL
F090,Mind Control Confirmed by Sources,"particularly,particularly,seat,least,feeling,section.,third,process,kind,of.,necessary,hundred,right,alone.,—,shocking,claims,mind,control,surface,internet.",FAKE
F222,Mind Control Confirmed by Sources,"difficult,safe,perhaps.,citizen,bring,ask,painting,break,series.,report,enter,citizen,strategy,value.,address,life,company,personal,send,camera,national,bill.,—,shocking,claims,mind,control,surface,internet.",FAKE
R114,New Report on Climate Change,"news,little,side,police,simple.,day,concern,maybe,happy.,experts,discuss,ongoing,developments,climate,change.",REAL
F235,Celebrity Scandal Confirmed by Sources,"mission,door,whatever.,debate,work.,—,shocking,claims,celebrity,scandal,surface,internet.",FAKE
F185,Hoax Confirmed by Sources,"south,push,even,say,direction,hot,plan.,recognize,newspaper,scene,price,person,son.,—,shocking,claims,hoax,surface,internet.",FAKE
F221,Flat Earth Confirmed by Sources,"perform,instead,pay,society,stand,whole,media.,billion,recent,example,dark,late.,—,shocking,claims,flat,earth,surface,internet.",FAKE
F054,Secret Cure Confirmed by Sources,"culture,base,letter,often,arm,painting.,long,oil.,way,laugh,coach,good.,—,shocking,claims,secret,cure,surface,internet.",FAKE
R000,New Report on Public Health,"plan.,game,series,claim,thought,project,firm.,remember,data,play.,experts,discuss,ongoing,developments,public,health.",REAL
R178,New Report on Budget Report,"already,war,positive,chair.,ability,imagine,ask,list,treat.,experts,discuss,ongoing,developments,budget,report.",REAL
F006,Hoax Confirmed by Sources,"policy,skin,firm,describe,within,agree,focus.,understand,education,seem,physical,tree,develop.,right,six,eye,late,bank,degree.,—,shocking,claims,hoax,surface,internet.",FAKE
F174,Secret Cure Confirmed by Sources,"agree,issue,benefit,girl.,ok,fill,international,notice,fire,chance,lawyer,rule.,—,shocking,claims,secret,cure,surface,internet.",FAKE
R009,New Report on Election,"thing,nearly,heart,statement,oil,instead.,increase,board,provide.,show,society,eye,produce,everyone,born,coach,body.,experts,discuss,ongoing,developments,election.",REAL
R122,New Report on Economic Growth,"oil,discuss,set.,keep,father,director,model.,experts,discuss,ongoing,developments,economic,growth.",REAL
F189,Immortal Jellyfish Confirmed by Sources,"might,training,quite,pressure,modern,agreement.,personal,structure,establish,clear,single,give,significant.,—,shocking,claims,immortal,jellyfish,surface,internet.",FAKE
R146,New Report on Technology Breakthrough,"born,trouble,identify,idea,air.,parent,plan,red,suddenly.,experts,discuss,ongoing,developments,technology,breakthrough.",REAL
R022,New Report on Climate Change,"long,add,visit,choice,today.,draw,stop,point,race.,adult,chance,call,morning,instead,next,represent.,experts,discuss,ongoing,developments,climate,change.",REAL
F177,Aliens Confirmed by Sources,"tax,smile,family,human,field.,point,take,computer,truth,address,step.,walk,customer,bed,firm,develop,officer,eat,their.,discover,note,old.,—,shocking,claims,aliens,surface,internet.",FAKE
F021,Secret Cure Confirmed by Sources,"general,garden.,bed,claim,dream,process,color,character.,religious,federal,tonight,child,focus.,—,shocking,claims,secret,cure,surface,internet.",FAKE
R039,New Report on Economic Growth,"western,life,finish.,board,analysis,special,officer.,experts,discuss,ongoing,developments,economic,growth.",REAL
F061,Miracle Drug Confirmed by Sources,"road,want.,trade,artist,unit,responsibility.,—,shocking,claims,miracle,drug,surface,internet.",FAKE
R057,New Report on Technology Breakthrough,"tend,mention,thank,wait,voice.,stock,organization,level,picture,work,unit,but.,experts,discuss,ongoing,developments,technology,breakthrough.",REAL
F154,Immortal Jellyfish Confirmed by Sources,"ability,understand,data,travel,trouble,republican,look.,another,road,mind,human,budget,century,can.,—,shocking,claims,immortal,jellyfish,surface,internet.",FAKE
F052,Mind Control Confirmed by Sources,"defense,game,leader,option,news,today,town.,account,record,last,many,none.,law,gun,street,term.,—,shocking,claims,mind,control,surface,internet.",FAKE
F124,Flat Earth Confirmed by Sources,"everyone,alone,record,let.,much,us,financial,democratic,strong,action,hundred,week.,—,shocking,claims,flat,earth,surface,internet.",FAKE
R071,New Report on Budget Report,"positive,special,dog,society,information,car.,remember,peace,important,expect.,experts,discuss,ongoing,developments,budget,report.",REAL
R152,New Report on Budget Report,"operation,relate,rate,support.,list,information,population,rest,natural,order,trade.,experts,discuss,ongoing,developments,budget,report.",REAL
F038,Mind Control Confirmed by Sources,"old,policy,beautiful,result.,soldier,plan,operation,mention,record.,lay,might,wait,half,sound,begin.,—,shocking,claims,mind,control,surface,internet.",FAKE
F101,Immortal Jellyfish Confirmed by Sources,"population,middle,television,fund,more.,career,child,building.,—,shocking,claims,immortal,jellyfish,surface,internet.",FAKE
F203,Celebrity Scandal Confirmed by Sources,"good,floor,miss,apply,must,see,focus,production.,wish,night,individual,measure,interest,choice,fly.,pull,page,improve,particularly.,—,shocking,claims,celebrity,scandal,surface,internet.",FAKE
F192,Government Cover-Up Confirmed by Sources,"nature,sure,health,act.,day,spend,five,analysis,discover,country.,—,shocking,claims,government,cover-up,surface,internet.",FAKE
R189,New Report on Climate Change,"take,everyone,dinner,ground,fear,final.,small,model,establish,beyond.,experts,discuss,ongoing,developments,climate,change.",REAL
R098,New Report on Election,"bill,weight,sport,kind,also,stay,compare.,network,doctor,present,whole,sport.,experts,discuss,ongoing,developments,election.",REAL
R149,New Report on Economic Growth,"wind,full,election,business,generation,one.,experts,discuss,ongoing,developments,economic,growth.",REAL
R046,New Report on Education,"project,glass,purpose,daughter,teach,institution.,well,development,news.,writer,thank,recent,employee.,experts,discuss,ongoing,developments,education.",REAL
F055,Hoax Confirmed by Sources,"moment,capital,energy,image,nature,worker,task.,report,time,every,movie.,point,item,scientist,teacher,effort,strong,investment,daughter.,ask,story,speak,pm,enough.,—,shocking,claims,hoax,surface,internet.",FAKE
F159,Flat Earth Confirmed by Sources,"threat,language,pattern.,—,shocking,claims,flat,earth,surface,internet.",FAKE
F083,Secret Cure Confirmed by Sources,"career,wonder,mission,let.,indeed,send,option,low,writer,easy.,crime,order,entire.,represent,military,government,play,expect.,—,shocking,claims,secret,cure,surface,internet.",FAKE
R109,New Report on Education,"answer,office,section,throw,federal,various.,become,ever,majority,table,score,simple,fund,foreign.,show,family,mr.,experts,discuss,ongoing,developments,education.",REAL
R102,New Report on Climate Change,"top,miss,hundred,space,price,money.,often,letter,carry,loss.,individual,population,difficult,subject,cold,including.,experts,discuss,ongoing,developments,climate,change.",REAL
R060,New Report on Election,"really,family,piece,similar.,recent,opportunity,summer,too.,idea,order,bed,become,show,beat,month.,experts,discuss,ongoing,developments,election.",REAL
F085,Secret Cure Confirmed by Sources,"commercial,market,state,major,standard.,serious,consumer,audience,voice.,—,shocking,claims,secret,cure,surface,internet.",FAKE
F188,Hoax Confirmed by Sources,"anything,program,season,practice.,inside,receive,everybody.,—,shocking,claims,hoax,surface,internet.",FAKE
F131,Hoax Confirmed by Sources,"action,reveal,seek,term,key,summer,head.,key,activity,pm.,—,shocking,claims,hoax,surface,internet.",FAKE
R202,New Report on Public Health,"glass,player,civil.,challenge,trade,audience,speech,drop,itself.,spring,quality,garden,quite.,experts,discuss,ongoing,developments,public,health.",REAL
F111,Celebrity Scandal Confirmed by Sources,"move,rather,training.,executive,seem,strategy,public,system,mother,mrs,wait.,investment,direction,including.,—,shocking,claims,celebrity,scandal,surface,internet.",FAKE
R151,New Report on Policy,"day,tell,reduce,smile,detail,yourself.,month,nature,partner,response.,interest,still,pay,growth,tax,bring,religious.,experts,discuss,ongoing,developments,policy.",REAL
F058,Government Cover-Up Confirmed by Sources,"manage,level,land,course,player,nice.,action,whatever,sit.,strategy,bar,field,price,thing,help,than.,—,shocking,claims,government,cover-up,surface,internet.",FAKE
R164,New Report on Education,"different,window,grow,responsibility,nor.,choice,people,anyone,staff.,figure,nature,call.,experts,discuss,ongoing,developments,education.",REAL
F242,Celebrity Scandal Confirmed by Sources,"part,dark,teacher,buy,dog,can.,—,shocking,claims,celebrity,scandal,surface,internet.",FAKE
F064,Mind Control Confirmed by Sources,"foot,newspaper,must,impact,receive,many.,return,card,great,kitchen,across,interview.,consumer,threat,court,safe,memory,party,create.,—,shocking,claims,mind,control,surface,internet.",FAKE
R228,New Report on Education,"senior,floor,account,require.,young,arm,scene,voice,go,alone.,need,statement,around,evening.,animal,person,whether,thing,red.,experts,discuss,ongoing,developments,education.",REAL
R210,New Report on Economic Growth,"little,sit,traditional,sign.,officer,party,author,kind,final,officer.,significant,base,forget,recent,eight.,experts,discuss,ongoing,developments,economic,growth.",REAL
R156,New Report on Policy,"recently,past,goal,participant,part,begin,everybody.,quite,able,yes,speak,red,health,debate,five.,protect,window,street,yeah,stage.,small,campaign,decide,draw,somebody,administration.,experts,discuss,ongoing,developments,policy.",REAL
R192,New Report on Climate Change,"pm,think,short.,finish,offer,always,billion,like,expect.,experts,discuss,ongoing,developments,climate,change.",REAL
F102,Government Cover-Up Confirmed by Sources,"administration,go,represent,the.,—,shocking,claims,government,cover-up,surface,internet.",FAKE
R237,New Report on Election,"fight,natural,interesting,song,house.,experts,discuss,ongoing,developments,election.",REAL
F015,Immortal Jellyfish Confirmed by Sources,"west,system,high,computer.,stage,official,fly,hotel,may.,—,shocking,claims,immortal,jellyfish,surface,internet.",FAKE
F020,Celebrity Scandal Confirmed by Sources,"fly,action,physical,college,must,statement,also.,leader,near,south,senior.,—,shocking,claims,celebrity,scandal,surface,internet.",FAKE
R083,New Report on Election,"congress,key,mind,break,cultural,night.,tree,wide,throughout,adult,still.,experts,discuss,ongoing,developments,election.",REAL
F035,Hoax Confirmed by Sources,"nice,product,task,order,instead,technology,watch.,oil,network,help,stage,under.,—,shocking,claims,hoax,surface,internet.",FAKE
R082,New Report on Budget Report,"minute,forget,more.,list,loss,campaign,wish,left.,federal,arm,wait,bed.,away,today.,experts,discuss,ongoing,developments,budget,report.",REAL
F114,Mind Control Confirmed by Sources,"town,task.,author,newspaper,address,agreement,year.,hundred,fund,painting,sister,analysis,camera,task.,—,shocking,claims,mind,control,surface,internet.",FAKE
F179,Secret Cure Confirmed by Sources,"trial,provide,mission,shoulder,sell,require.,approach,sell,sound,trouble,relationship,foot.,—,shocking,claims,secret,cure,surface,internet.",FAKE
F026,Celebrity Scandal Confirmed by Sources,"camera,class,week,office,for.,buy,speak,pressure.,walk,guy,ability.,—,shocking,claims,celebrity,scandal,surface,internet.",FAKE
R217,New Report on Election,"require,data,international.,town,much,meeting,message,though.,participant,include,effort,grow,family,whether.,experts,discuss,ongoing,developments,election.",REAL
F009,Celebrity Scandal Confirmed by Sources,"view,step,line,sell.,candidate,factor,couple,west,foot.,—,shocking,claims,celebrity,scandal,surface,internet.",FAKE
F240,Aliens Confirmed by Sources,"away,forward,leg,thus,religious,society.,area,later,radio,across.,federal,add,civil,pressure,rate.,—,shocking,claims,aliens,surface,internet.",FAKE
R216,New Report on Research,"different,street,consider,discover,successful.,hour,difficult,career,town,one,civil.,experts,discuss,ongoing,developments,research.",REAL
F129,Flat Earth Confirmed by Sources,"product,visit,safe,history,add.,four,strategy,firm,accept,section,close.,—,shocking,claims,flat,earth,surface,internet.",FAKE
R197,New Report on Education,"spring,walk,less,laugh,dark,foreign,above.,experts,discuss,ongoing,developments,education.",REAL
F142,Government Cover-Up Confirmed by Sources,"sing,decade,two,room,want,now.,summer,someone,glass,story,finally,rate,however,number.,community,mr,paper,democratic,notice.,sport,culture,under.,—,shocking,claims,government,cover-up,surface,internet.",FAKE
R140,New Report on Climate Change,"strong,establish,product,operation,by.,education,various,together,piece,former.,special,represent,remember,democrat.,family,upon,book,finally.,experts,discuss,ongoing,developments,climate,change.",REAL
R165,New Report on Budget Report,"long,experience,prepare.,experts,discuss,ongoing,developments,budget,report.",REAL
R139,New Report on Education,"lawyer,decision,particularly,phone.,experts,discuss,ongoing,developments,education.",REAL
F232,Hoax Confirmed by Sources,"movie,moment,either,beautiful,ground,young,time.,summer,live,cell,artist,federal.,huge,rise,nothing,list.,—,shocking,claims,hoax,surface,internet.",FAKE
F108,Celebrity Scandal Confirmed by Sources,"thus,maybe,nature,ago,system,court.,none,bar,court,later.,—,shocking,claims,celebrity,scandal,surface,internet.",FAKE
F167,Celebrity Scandal Confirmed by Sources,"quickly,sell,cold,very.,several,shoulder,none,trouble.,—,shocking,claims,celebrity,scandal,surface,internet.",FAKE
R242,New Report on Research,"wind,accept,discover,customer.,look,citizen,base,enter,north,federal,want.,experts,discuss,ongoing,developments,research.",REAL
F133,Immortal Jellyfish Confirmed by Sources,"rather,condition,increase,for.,class,open,interest,exactly,floor,provide,spend,thing.,—,shocking,claims,immortal,jellyfish,surface,internet.",FAKE
F025,Flat Earth Confirmed by Sources,"bad,several,former,success.,night,office,prepare.,—,shocking,claims,flat,earth,surface,internet.",FAKE
F093,Immortal Jellyfish Confirmed by Sources,"hit,company,exactly,range,individual,physical.,—,shocking,claims,immortal,jellyfish,surface,internet.",FAKE
F236,Government Cover-Up Confirmed by Sources,"court,easy,house,reach,kitchen,while.,job,word,win,trouble,condition.,research,treat,often,risk,nearly.,simply,blue,positive,effort.,—,shocking,claims,government,cover-up,surface,internet.",FAKE
F069,Flat Earth Confirmed by Sources,"know,girl,nothing,task.,food,available,attorney,exist,want,better.,sport,listen,rate,structure,final,decision.,yet,executive,early,factor,treat,and.,—,shocking,claims,flat,earth,surface,internet.",FAKE
F219,Flat Earth Confirmed by Sources,"write,firm,hot,care,offer,call,series.,debate,college,wish,scene,nearly,collection.,notice,fall,accept,example.,—,shocking,claims,flat,earth,surface,internet.",FAKE
R079,New Report on Election,"congress,another.,cold,blood,stuff,least,together.,however,dark,actually,seem,congress,bit,occur.,performance,arrive,class,ago,live,wide,reason.,experts,discuss,ongoing,developments,election.",REAL
F042,Hoax Confirmed by Sources,"theory,senior,quality,stuff,production,spring.,buy,participant,forget,couple.,edge,believe,company,choice,now.,—,shocking,claims,hoax,surface,internet.",FAKE
R154,New Report on Budget Report,"drug,board,paper,hotel,think,upon.,experts,discuss,ongoing,developments,budget,report.",REAL
R089,New Report on Public Health,"nothing,blood,loss,read,shoulder,bank,not.,ten,friend,room,heavy,turn,mother,wait.,worry,image,bill.,experts,discuss,ongoing,developments,public,health.",REAL
R038,New Report on Public Health,"receive,together,young,positive,similar.,stay,edge,sign,friend,success.,world,fall,tree,quite.,experts,discuss,ongoing,developments,public,health.",REAL
R053,New Report on Economic Growth,"set,recently,field,view,detail,probably.,order,focus,future,why.,book,tough,five,success,station.,experts,discuss,ongoing,developments,economic,growth.",REAL
F201,Hoax Confirmed by Sources,"practice,customer,event,product,often.,three,music,front,life.,morning,try,evening,free,visit.,—,shocking,claims,hoax,surface,internet.",FAKE
F013,Secret Cure Confirmed by Sources,"feeling,class,reveal,beautiful,idea.,federal,wall,produce.,adult,let,change,action,young,share.,—,shocking,claims,secret,cure,surface,internet.",FAKE
R023,New Report on Policy,"maintain,available,person,matter,successful,force.,star,avoid,significant,claim.,drug,song,property,sort,though,wear,space.,experts,discuss,ongoing,developments,policy.",REAL
R068,New Report on Technology Breakthrough,"agreement,know,mind,left,view,employee,exactly.,become,side,ready,all.,experts,discuss,ongoing,developments,technology,breakthrough.",REAL
F065,Hoax Confirmed by Sources,"early,center,common,shake,share.,attention,read,suffer,near,skill,within,everyone.,plant,chair,weight,none.,—,shocking,claims,hoax,surface,internet.",FAKE
F239,Celebrity Scandal Confirmed by Sources,"cultural,exactly,college,place,five,marriage.,prove,kid,suffer.,—,shocking,claims,celebrity,scandal,surface,internet.",FAKE
F084,Miracle Drug Confirmed by Sources,"family,coach,then.,per,really,gas,maybe,morning,section.,outside,federal,discover,piece,arm.,—,shocking,claims,miracle,drug,surface,internet.",FAKE
R120,New Report on Election,"billion,nature,something.,course,serve,plant,different,stage,building,agreement,hard.,experts,discuss,ongoing,developments,election.",REAL
F207,Government Cover-Up Confirmed by Sources,"perhaps,population,understand,fear,training,also,half.,school,daughter,instead,heavy.,—,shocking,claims,government,cover-up,surface,internet.",FAKE
R158,New Report on Economic Growth,"level,increase,eye,best,likely,never,attention.,raise,mother,bank,student.,experts,discuss,ongoing,developments,economic,growth.",REAL
R097,New Report on Technology Breakthrough,"finish,generation,enjoy,general,age,nothing.,store,fire,material,member,enter,food,answer.,admit,term,food,true.,experts,discuss,ongoing,developments,technology,breakthrough.",REAL
R092,New Report on Technology Breakthrough,"risk,player,positive,technology,region,edge,around,serious.,reveal,difficult,simply,future,race,simply.,business,people,building,health,new.,experts,discuss,ongoing,developments,technology,breakthrough.",REAL
F172,Hoax Confirmed by Sources,"place,middle,close.,security,week,cut,cost,audience,program.,decision,mouth,action,movement.,—,shocking,claims,hoax,surface,internet.",FAKE
R182,New Report on Economic Growth,"significant,month,wish,left,democrat.,current,possible,family,pressure.,theory,theory,analysis,without.,experts,discuss,ongoing,developments,economic,growth.",REAL
F014,Secret Cure Confirmed by Sources,"difficult,safe,edge,base,establish,six.,somebody,yet,finish,various,simply.,window,establish,trade,involve,dinner,peace.,—,shocking,claims,secret,cure,surface,internet.",FAKE
R230,New Report on Election,"enjoy,guess,himself.,community,establish,term.,experts,discuss,ongoing,developments,election.",REAL
F223,Government Cover-Up Confirmed by Sources,"various,arrive,through.,wall,beyond,voice.,—,shocking,claims,government,cover-up,surface,internet.",FAKE
R221,New Report on Policy,"pm,begin,pattern,manager.,behind,sister,heart,class.,experts,discuss,ongoing,developments,policy.",REAL
R173,New Report on Climate Change,"base,event,long,watch,usually,eat.,staff,color,enter,sport,yet.,one,admit,fight,cold.,experts,discuss,ongoing,developments,climate,change.",REAL
F249,Immortal Jellyfish Confirmed by Sources,"contain,education,carry,i.,sound,person,letter.,trial,sense,fall,again.,—,shocking,claims,immortal,jellyfish,surface,internet.",FAKE
F112,Government Cover-Up Confirmed by Sources,"nothing,issue,capital,modern,option,ground,never.,significant,per,human,traditional,general,produce.,—,shocking,claims,government,cover-up,surface,internet.",FAKE
R058,New Report on Budget Report,"interesting,best,eye,hard,executive.,stand,necessary,law,later,pick.,experts,discuss,ongoing,developments,budget,report.",REAL
R159,New Report on Economic Growth,"bit,note,inside,beat,table,lawyer,value.,people,everything,beat,best,green,ready.,movie,anything,high,fact,particular,on.,experts,discuss,ongoing,developments,economic,growth.",REAL
R029,New Report on Economic Growth,"group,arrive,catch,organization.,important,read,let.,experts,discuss,ongoing,developments,economic,growth.",REAL
R126,New Report on Research,"practice,role,sell,cold,drive,serious.,development,pay,kid,success,piece,skin,want.,maintain,across,forward,cost,hear,quite,billion.,doctor,third,market,consider.,experts,discuss,ongoing,developments,research.",REAL
R132,New Report on Education,"southern,realize,fear,have.,major,example,certain,sort.,listen,response,president,event,two,idea.,experts,discuss,ongoing,developments,education.",REAL
R025,New Report on Election,"lawyer,daughter,alone,add.,feel,range,record,suffer.,kind,field,everyone,law,vote,southern.,experts,discuss,ongoing,developments,election.",REAL
F214,Secret Cure Confirmed by Sources,"professor,everybody,sport,wear.,thousand,future,responsibility,eat,goal.,—,shocking,claims,secret,cure,surface,internet.",FAKE
R177,New Report on Policy,"education,behind,majority,red,east.,movement,child,outside,man,avoid,throughout.,see,public,west,official,make.,experts,discuss,ongoing,developments,policy.",REAL
R196,New Report on Budget Report,"fear,economic,candidate,word,number.,begin,culture,recently,none,machine.,box,bill,start,office,great,political.,interesting,office,anyone,degree,north,teach.,experts,discuss,ongoing,developments,budget,report.",REAL
R135,New Report on Budget Report,"window,four,pass,gun.,thought,develop,hard,seek,today.,political,member,activity,enjoy,practice,morning.,experts,discuss,ongoing,developments,budget,report.",REAL
F152,Government Cover-Up Confirmed by Sources,"within,practice,industry,evening,soon,toward,positive.,among,foot,charge,size,company.,throw,society,item,cost,national,finally.,—,shocking,claims,government,cover-up,surface,internet.",FAKE
F180,Secret Cure Confirmed by Sources,"appear,leave,story,might,million.,throughout,unit,eye.,president,course,and.,—,shocking,claims,secret,cure,surface,internet.",FAKE
F003,Secret Cure Confirmed by Sources,"purpose,must,represent,go,read,visit.,reduce,mention,medical,director,agency.,guess,set,system,yet,understand.,—,shocking,claims,secret,cure,surface,internet.",FAKE
F244,Celebrity Scandal Confirmed by Sources,"power,color,apply,during.,stand,year,land,floor,past.,interesting,lot,church,six,customer.,—,shocking,claims,celebrity,scandal,surface,internet.",FAKE
F194,Immortal Jellyfish Confirmed by Sources,"record,hit,high,buy,bed.,—,shocking,claims,immortal,jellyfish,surface,internet.",FAKE
R044,New Report on Policy,"front,body,hour,center,need,present.,performance,detail,cold,sort,even,imagine,control.,summer,show,win,produce,hair,final,possible,party.,experts,discuss,ongoing,developments,policy.",REAL
R141,New Report on Economic Growth,"phone,act,meet,physical,future,foreign,staff.,coach,answer,task,chair.,experts,discuss,ongoing,developments,economic,growth.",REAL
R188,New Report on Climate Change,"brother,son,blue.,idea,grow,six,someone.,experts,discuss,ongoing,developments,climate,change.",REAL
F010,Aliens Confirmed by Sources,"let,quickly,reveal,specific.,reason,use,according,road.,gas,final,animal,sense,score,nothing,inside,throughout.,—,shocking,claims,aliens,surface,internet.",FAKE
R106,New Report on Economic Growth,"sometimes,need,record,fire,hundred.,experts,discuss,ongoing,developments,economic,growth.",REAL
R049,New Report on Research,"rate,special,himself.,environmental,enough,stage,month,draw,various.,experts,discuss,ongoing,developments,research.",REAL
R144,New Report on Budget Report,"tv.,within,significant,little.,however,use,television,project,table.,experts,discuss,ongoing,developments,budget,report.",REAL
F199,Celebrity Scandal Confirmed by Sources,"role,explain,investment,exist,face,director.,clearly,something,collection,station,note.,imagine,always,discuss,election,believe,say,team,city.,—,shocking,claims,celebrity,scandal,surface,internet.",FAKE
F215,Secret Cure Confirmed by Sources,"job,focus,avoid.,us,skin,language,weight,hard,all.,—,shocking,claims,secret,cure,surface,internet.",FAKE
R176,New Report on Economic Growth,"well,history,couple,pressure,guess,modern.,plant,stop,establish,four,involve,window,human.,experts,discuss,ongoing,developments,economic,growth.",REAL
F105,Hoax Confirmed by Sources,"person,whose,art.,administration,look,prepare,attention,several.,—,shocking,claims,hoax,surface,internet.",FAKE
F031,Miracle Drug Confirmed by Sources,"wife,population,nature,social.,official,debate,everybody,work,international,seat,million.,—,shocking,claims,miracle,drug,surface,internet.",FAKE
R206,New Report on Research,"common,behind,test,tree,spring,artist,republican.,appear,attention,fast.,experts,discuss,ongoing,developments,research.",REAL
F238,Secret Cure Confirmed by Sources,"coach,small,receive,specific.,gas,company,wonder,stand.,—,shocking,claims,secret,cure,surface,internet.",FAKE
R027,New Report on Climate Change,"president,people,various,mouth,push,as.,total,record,church,trip,return,someone,list.,experts,discuss,ongoing,developments,climate,change.",REAL
F169,Government Cover-Up Confirmed by Sources,"recently,bar,condition,check,officer,institution.,hotel,big,participant.,shoulder,show,throw,high.,—,shocking,claims,government,cover-up,surface,internet.",FAKE
F208,Aliens Confirmed by Sources,"detail,lot,let,listen,field,agree,improve,start.,media,phone,picture,sort,power.,society,indeed,risk,day.,—,shocking,claims,aliens,surface,internet.",FAKE
F212,Miracle Drug Confirmed by Sources,"wear,approach,group,power,medical,answer.,kind,parent,professor,realize.,condition,improve,message,peace,customer,government.,—,shocking,claims,miracle,drug,surface,internet.",FAKE
F032,Hoax Confirmed by Sources,"everybody,effect.,—,shocking,claims,hoax,surface,internet.",FAKE
F109,Hoax Confirmed by Sources,"central,radio,international,trial.,event,bag,pay.,pay,food,break,kid,small,forward.,—,shocking,claims,hoax,surface,internet.",FAKE
R111,New Report on Policy,"section,station,may,moment,military,sign.,risk,suggest,world.,experts,discuss,ongoing,developments,policy.",REAL
F078,Aliens Confirmed by Sources,"series,building,knowledge,goal.,issue,final,specific,happy,expert.,—,shocking,claims,aliens,surface,internet.",FAKE
R105,New Report on Budget Report,"happen,firm,company,ask,real,large.,type,clear,final,quickly,herself.,great,family,position,season,include.,experts,discuss,ongoing,developments,budget,report.",REAL
F196,Government Cover-Up Confirmed by Sources,"direction,sound,good,human,property,bill,long,cause.,issue,thousand,little,eat,fish,difficult.,say,policy,information,matter,issue,service.,article,remain,company,bar,nothing.,—,shocking,claims,government,cover-up,surface,internet.",FAKE
F118,Immortal Jellyfish Confirmed by Sources,"meeting,memory,forward,model.,agree,shake,possible,window,pull,without.,difference,blue,hot,fly,mrs,natural.,—,shocking,claims,immortal,jellyfish,surface,internet.",FAKE
F077,Secret Cure Confirmed by Sources,"voice,green,involve,major,nation.,decade,everybody,system,woman,whose.,—,shocking,claims,secret,cure,surface,internet.",FAKE
F070,Government Cover-Up Confirmed by Sources,"add,behind,because.,attention,stage,drive,include,shoulder.,—,shocking,claims,government,cover-up,surface,internet.",FAKE
F041,Immortal Jellyfish Confirmed by Sources,"war,maintain,imagine,candidate,fire,eye,concern,themselves.,approach,detail,gun,go,shake,everyone.,—,shocking,claims,immortal,jellyfish,surface,internet.",FAKE
R026,New Report on Policy,"interest,energy,financial,old,pattern,personal,result.,congress,exist,stage,road,daughter,personal,buy,area.,campaign,role,million,scene.,experts,discuss,ongoing,developments,policy.",REAL
R207,New Report on Policy,"stand,start,mission,event.,race,stuff.,experts,discuss,ongoing,developments,policy.",REAL
F163,Secret Cure Confirmed by Sources,"owner,republican,reveal,claim,range,role.,cold,build,election,drive,management.,—,shocking,claims,secret,cure,surface,internet.",FAKE
F171,Government Cover-Up Confirmed by Sources,"game,outside,even.,—,shocking,claims,government,cover-up,surface,internet.",FAKE
F139,Immortal Jellyfish Confirmed by Sources,"manager,allow,policy,chair,great.,—,shocking,claims,immortal,jellyfish,surface,internet.",FAKE
F120,Miracle Drug Confirmed by Sources,"child,may,away,several,today.,never,weight,tree,four,college,experience,statement,increase.,—,shocking,claims,miracle,drug,surface,internet.",FAKE
F146,Mind Control Confirmed by Sources,"structure,trade,return.,simply,music,away,newspaper,kitchen,three.,—,shocking,claims,mind,control,surface,internet.",FAKE
R115,New Report on Research,"start,read,view,beat,physical,their.,soon,network,development,lose,society.,particularly,former,member,enter,piece,far.,experts,discuss,ongoing,developments,research.",REAL
F039,Aliens Confirmed by Sources,"bar,attention,use,fact,unit,pressure,keep.,mention,money,sound,agreement,rather.,—,shocking,claims,aliens,surface,internet.",FAKE
F225,Hoax Confirmed by Sources,"though,design,apply,beautiful,sing,outside.,activity,watch,allow,inside,culture.,common,clear,explain,without,move.,—,shocking,claims,hoax,surface,internet.",FAKE
F140,Aliens Confirmed by Sources,"relationship,night,property,hear,house,next.,rate,situation,clearly,necessary,material.,—,shocking,claims,aliens,surface,internet.",FAKE
F122,Mind Control Confirmed by Sources,"generation,issue,key.,three,science,entire,daughter,artist.,campaign,section,relate,yes,hit.,—,shocking,claims,mind,control,surface,internet.",FAKE
R070,New Report on Budget Report,"fill,senior,carry,book.,boy,quite,deep,ten,debate,hand.,sense,pick,someone,ball,same.,experts,discuss,ongoing,developments,budget,report.",REAL
F248,Celebrity Scandal Confirmed by Sources,"director,billion,bar,certain.,south,run,control.,—,shocking,claims,celebrity,scandal,surface,internet.",FAKE
R016,New Report on Technology Breakthrough,"official,control,personal,remain,american,economy,yes.,exactly,able,example,police,accept.,experts,discuss,ongoing,developments,technology,breakthrough.",REAL
R148,New Report on Technology Breakthrough,"loss,main,investment,listen.,fact,bag,create,paper.,experts,discuss,ongoing,developments,technology,breakthrough.",REAL
R142,New Report on Budget Report,"couple,air,customer,subject,material,however,economy,factor.,gun,people,term,team,become,son.,arm,artist,budget,party.,experts,discuss,ongoing,developments,budget,report.",REAL
F141,Miracle Drug Confirmed by Sources,"part,stop,chair.,outside,development,officer.,skill,throw,drug,easy,including.,—,shocking,claims,miracle,drug,surface,internet.",FAKE
R076,New Report on Technology Breakthrough,"let,customer,family,method,prevent,movement,third.,first,time,always,finish,leg,site.,enough,call,much,practice.,experts,discuss,ongoing,developments,technology,breakthrough.",REAL
R180,New Report on Budget Report,"spend,item,condition,simply.,mother,find,add,explain,page,own.,experts,discuss,ongoing,developments,budget,report.",REAL
F126,Aliens Confirmed by Sources,"traditional,light,talk,shoulder.,stage,far,fall,husband,little,range,house.,—,shocking,claims,aliens,surface,internet.",FAKE
R134,New Report on Economic Growth,"traditional,major,first,wrong,significant.,pretty,manage,possible.,address,imagine,movie,specific,accept,loss.,experts,discuss,ongoing,developments,economic,growth.",REAL
F132,Mind Control Confirmed by Sources,"explain,little,able,although,significant,young.,perhaps,woman,seek,million,drop,sit.,—,shocking,claims,mind,control,surface,internet.",FAKE
F230,Immortal Jellyfish Confirmed by Sources,"also,something,shoulder,hour,financial,material,support.,walk,mean,stop,major,later,truth,voice.,require,get,hospital,paper,management,outside.,—,shocking,claims,immortal,jellyfish,surface,internet.",FAKE
F243,Aliens Confirmed by Sources,"nearly,successful,take.,—,shocking,claims,aliens,surface,internet.",FAKE
R191,New Report on Budget Report,"common,argue,station,happen.,officer,congress,dog,address,away,one,she.,experts,discuss,ongoing,developments,budget,report.",REAL
R130,New Report on Public Health,"either,talk,traditional,kitchen,front.,may,successful,wish.,wife,war,type,billion.,eat,state,any.,experts,discuss,ongoing,developments,public,health.",REAL
F081,Mind Control Confirmed by Sources,"life,quality,difference,range,teacher.,assume,others,eight,almost,like,decide.,—,shocking,claims,mind,control,surface,internet.",FAKE
R209,New Report on Technology Breakthrough,"seven,scientist.,almost,grow,late,analysis,pick.,experts,discuss,ongoing,developments,technology,breakthrough.",REAL
F228,Hoax Confirmed by Sources,"tonight,laugh,next.,machine,support,buy,raise.,find,network,rate.,—,shocking,claims,hoax,surface,internet.",FAKE
R030,New Report on Budget Report,"truth,size,happen,author,us.,member,pass,travel,bad.,term,join,team,people,truth,book.,entire,nice,american,according,someone.,experts,discuss,ongoing,developments,budget,report.",REAL
R214,New Report on Education,"offer,back,seat,member,whole.,consider,together,enough,central,tv.,attack,young,provide,customer,factor,message.,experts,discuss,ongoing,developments,education.",REAL
R175,New Report on Economic Growth,"agency,hundred,including,indicate,everyone.,statement,sometimes,end,within,southern,break,blood.,quality,apply,marriage,morning.,experts,discuss,ongoing,developments,economic,growth.",REAL
